iteration,int.f0,app.mthd.os.f0,app.rate.ni.f0,man.dm.f0,man.source.pig.f0,app.mthd.cs.f0,int.r1,app.mthd.bc.r1,man.dm.r1,air.temp.r1,wind.sqrt.r1,app.mthd.ts.r1,man.ph.r1,int.r2,rain.rate.r2,int.r3,app.mthd.bc.r3,app.mthd.cs.r3,man.ph.r3,incorp.shallow.f4,incorp.shallow.r3,incorp.deep.f4,incorp.deep.r3,rain.rate.r5,int.r5
1,1.69740499883877,-4.45252807821418,-0.0583340323586592,0.252228896641166,-1.29888095224116,-11.0065016765318,-1.54877259073559,0.554629818525145,-0.108859001885212,0.0353081222773315,1.09660988775254,-0.281212801682899,0.657724384408772,-1.75425848138457,3.27839328833942,-2.64933436972692,0.732639787497338,-0.262483664747406,0.100402476948748,7.18868003885008,-0.867500870304408,2.05853984632144,-11.2450792316584,-0.459527207033054,-1.8
2,1.10443501339482,-4.28492067677497,-0.04371631452737,0.809346019846543,0.302985750007191,-6.7148363595347,-1.29578971432766,0.424266933720912,-0.100222141472955,0.0681837048084689,0.815997226398951,-0.404775836662707,0.661560347733257,-1.49005117059714,1.07952518183385,-2.6431523153826,0.24455114077677,-0.768299256293798,0.0168028090386097,-0.909327977226303,-0.238320744462783,-0.899349769901973,-1.28303778577535,-0.374719356958299,-1.8
3,0.370787189385836,-3.83512888416685,-0.0354532938807779,0.795210480884014,-0.171608728826878,-7.18334289293036,-1.14057495599963,0.368142801573834,-0.129192520048573,0.0879226504090773,0.964506431806793,-0.690263698198808,0.821136927107543,-1.78216592374126,1.42655183274297,-2.62952665321034,0.432592857280796,-0.73430534772984,0.0368504276176397,-1.01471483020081,-0.235210493011784,-2.04660309864301,-3.66179575919276,-0.243001718303301,-1.8
4,1.20029581480806,-3.21381663958871,-0.0226688608469835,0.525887718374024,-0.94080223846345,-6.64893101259493,-1.23132870960514,0.636358027313019,-0.0449915966233098,0.0230899506082423,0.520162543689902,-0.0532317755571657,0.430060465250586,-1.06049001732606,0.362813322076088,-2.71416877945488,0.322769433514305,-0.262620479038605,0.0885531018936248,-1.02092070393605,-0.135252511428332,-1.39098511438459,-2.31652716139487,0.723235216809165,-1.8
5,1.54384664013986,-3.69604033312573,-0.0238425839705151,0.533173449606515,-1.25021430259614,-7.24492165653527,-1.15427254905117,0.600405239680851,-0.0474768459903534,0.0253444459249477,0.515168152967868,-0.159733887110245,0.444775975473855,-1.00040552737582,0.195388911301145,-2.72395085543001,0.380605963041467,-0.281376311371797,0.0339484707992641,-0.909961001362938,-0.278427612934615,-1.60291744179706,-0.983998591772343,0.851948189892764,-1.8
6,0.89493245337767,-3.76683745782508,-0.00305973515489369,0.219815226732178,-1.5460604671926,-11.1449509479765,-1.50827624732666,0.818217558641826,0.0169134251008882,0.0366574045661557,0.904393794803926,-0.368553198767819,0.566316941153654,-1.33198155821256,1.20926160370435,-2.65734813958697,-0.31724861440321,-0.229503565798294,0.106236896452101,-2.41453834483661,0.897048615255977,-1.25354830574116,-1.03557786705213,0.47464519753254,-1.8
7,1.059471618482,-3.61307800904257,-0.0420059155143519,0.556774295581509,0.370609251638255,-11.511186844501,-1.54811039885239,0.472629938254175,-0.0713528637792826,0.0731606417331504,1.16945689281053,-0.357941419513512,0.603077625996912,-1.72026715524454,12.0928411001188,-2.69225474274158,0.49176315039062,-0.185914415917326,0.0593713607989588,-1.50874152956822,-0.121443844925735,-3.3164770861303,-1.42524466805955,-1.65862631554174,-1.8
8,-0.33013528274279,-2.65218599925976,-0.0172163627590737,0.692079468349273,0.274301104810932,-6.0503066779154,-1.35752326918091,0.510479173904197,-0.131852126410314,0.090875776342272,1.07761063868688,-0.424652178020696,0.784570158869878,-1.84340933477656,0.911518759688145,-2.67399340412144,0.793441410683078,-0.229856595885322,0.0736093076584656,-0.794677410220419,-0.567793628536985,-2.14674081942441,-1.56914510678907,-0.285313879217784,-1.8
9,0.637880919566558,-4.32501101458651,-0.0260457981203245,0.196727673382731,-2.33881680212445,-13.7215745714328,-1.58584362500307,0.741035243379928,0.121560963492705,0.0454916608305068,0.834115692188748,-0.42672239593659,1.07250173007688,-1.65478087999616,1.04931606629376,-2.62574662875687,0.492658343652423,-0.474345291782885,0.0760880843887057,21.3661294500727,-1.69015814680077,-5.42395156589374,-8.37835632163872,-0.128708734600412,-1.8
10,0.356146874964657,-3.89654042927062,-0.0273988678458993,0.878294436319191,0.103813579157633,-9.45608627376225,-1.48124158179828,0.456917954094869,-0.0928397598076872,0.0816231878345209,1.21494274893854,-0.546386843976225,0.725900818272185,-1.86718740811964,6.05298665776028,-2.6366563163701,0.327809863842733,-0.264428825986547,0.0788621588499942,-2.34019855330919,0.119170279029959,-1.11401902097538,-0.940260630799803,-0.888605193054389,-1.8
11,1.30678247989305,-2.35557902657353,-0.00451217432713711,0.476727800008673,-0.143064114201739,-6.33530899621614,-1.46531170352639,0.268189508540537,-0.016976913490655,0.034257353634135,0.556048178029237,-0.288603269729913,0.331038038043835,-1.18232634542383,0.876106752078101,-2.8617271465113,0.325121604767809,-0.0343955314287072,0.217590423388192,0.286964528786995,-0.919310512599693,-3.87433458571183,-2.81444092680808,0.774491305558346,-1.8
12,-0.439064428823898,-2.80653913782678,-0.017570207769646,0.598290970596431,-1.27313084802266,-6.53040753749976,-1.00058376900412,0.528022477951974,-0.140571229886467,0.0780793067980001,1.15801730283645,-0.607779024354824,0.884603536958523,-1.65023296301521,0.576825753644086,-2.60665691987822,0.808038397924959,-0.400189735230006,0.0466347250391528,-0.398636420868444,-0.69456267174379,-2.41890843715112,-1.77158429358213,0.44011588182181,-1.8
13,0.788090709390836,-2.12230591457173,0.0128701088767944,0.76646059534506,-0.405035817643012,-5.30985142425902,-1.22696998243392,0.211082542057755,-0.0383816793347579,0.0256538510180122,0.215936709173224,-0.707073063683195,0.236348027598537,-0.925425275094323,0.636024173786345,-2.81024529859632,0.378523248772098,-0.148577489073259,0.466120285498988,-1.10032054725686,-0.136483890131779,-2.47270210826956,1.69759981442242,0.74348687561657,-1.8
14,0.34302475130594,-2.87336845948697,-0.0245175279799621,0.574709199879506,-0.208406807582775,-8.32549651702079,-1.42794938569008,0.378223196723626,-0.0678490546720873,0.0717917253710088,1.01709190338075,-0.576290895501733,0.694099471147353,-1.97820074935886,1.55742289029265,-2.8448642844638,0.599743221254125,-0.0802895961158359,0.235468092305354,-1.04807599467554,-0.281507056804925,-1.73425861199625,-3.24463319515362,-2.44966964505658,-1.8
15,1.58981613245695,-4.08381077019087,-0.0125177384070669,0.664093938865076,-1.04470106624508,-6.92378645040047,-1.34037193461147,0.481434481792926,-0.00894233333429863,0.0383567249248166,0.700400544781954,-0.27739107502188,0.40965451849247,-1.06641259417834,0.145450942795381,-2.70943356257251,0.526489462499568,-0.484264941096921,0.00046708169509156,-0.634007935685495,-0.759121984379432,-1.57014200872263,-1.21856213132115,0.814234146436617,-1.8
16,1.41584611555394,-3.55895880911158,-0.0363078350565207,0.680548880739723,-0.530559996061302,-7.45066567444881,-1.33959119391953,0.613189065270154,-0.0731394540424789,0.0288255811197378,0.511770282001228,-0.34688993790272,-0.278438405867043,-1.06644073505878,0.710936091814087,-2.80717043638356,0.394534266154711,-0.705895121235636,0.501744503961248,-1.3112797285761,0.0228502145430961,-2.58194119368414,-1.26979184340023,0.296795788435385,-1.8
17,0.876911853759038,-3.75784172486823,-0.015930687537751,0.798930355185089,-0.206084342071092,-7.85729825229927,-1.31294868844025,0.504770051775674,-0.0379331636244862,0.0475832440659021,0.723840681489008,-0.32210157678927,0.511825471621305,-1.24247267755177,0.70201483036354,-2.71006961943855,0.398965978658345,-0.341160656088115,-0.0178192894727376,-0.767301295254568,-0.669082264526551,-1.78629405792786,-1.25586037769873,1.17916634325163,-1.8
18,1.30287784512004,-3.95785789556114,-0.0439020324986448,0.66884174813982,-0.338098184040029,-6.12720245344089,-1.44197006533489,0.394327262296761,-0.0725271416804004,0.0556770841157276,1.02126002064067,-0.377945651578927,0.505158509472632,-1.42210926702364,1.52629825591939,-2.65093898765179,0.600630740207082,-0.267273482624708,0.130570634045936,-0.984014433550579,-0.424170115696564,-5.76993550992415,-0.567423871424577,0.0292908186105726,-1.8
19,1.08168052385328,-3.67483625553667,-0.0134069878361284,0.744492921804048,-0.550395549929906,-7.78681223803163,-1.4137916139963,0.481873551559888,-0.0322131587966954,0.043876253021452,0.748827899626657,-2.07450131253808,0.381563108331838,-1.2402174227448,2.51085608398915,-2.70269630245988,0.0577485183057942,-0.26319504565436,0.0673293463765891,-0.564969940144255,-0.282024072249849,-2.41152934602304,-1.46997247808373,0.345806945137627,-1.8
20,1.51882656671011,-3.39465461781005,-0.024478375851019,0.452880912521725,-1.2172107249909,-6.90660898980026,-1.26220609230737,0.647749235176351,-0.033388074823629,0.0239011983779026,0.562076898628579,-0.132975266104884,0.428146963372805,-1.0955517049771,0.444789624214967,-2.75693840034978,0.387230545529152,-0.244644324299655,0.0762878354025732,-0.580533193619591,-0.360978229607504,-1.48729698332463,-0.732895144704101,0.808833833180082,-1.8
21,1.1271132180439,-3.22248890253527,-0.0341159728746998,0.585377295459581,-0.955097121243058,-5.9711075465568,-1.48678676967397,0.842465719335508,-0.0679879678749412,0.0300298852744838,0.659113426132863,-0.142559371577136,-0.0511566627292395,-1.14223053572138,2.37787817419817,-2.66967715605193,0.3978132366045,-0.518783367291913,0.250595632016592,-1.46251427962617,-0.0619287538580058,-1.42384468389644,-0.567995054292865,-0.0544254960837669,-1.8
22,1.65190458431668,-3.58970429516596,-0.0204983878931547,0.528538141291588,-0.960219871086858,-7.11398121529048,-1.41999823880598,0.617523468900646,-0.0282875906304625,0.035276722364154,0.700961391875352,-0.406251978853622,0.129806841938717,-1.11855693071884,0.850184041622309,-2.80308947334763,0.111703702129804,-0.22401566909561,0.228056584443582,-1.03617550341544,-0.0273256257608584,-2.68646015286034,-2.0135334502253,0.566922398163115,-1.8
23,1.14536566987973,-3.22403902406252,-0.0118643252994148,0.473387781769763,-1.43630465491695,-6.24268283806418,-1.23327942076841,0.646385804178013,-0.0182691385721697,0.0281967392251145,0.645230334000839,-0.2175379624607,0.461594246520505,-1.02609256137739,0.440077612923986,-2.7365699541235,0.444387032361109,-0.949960185248859,0.0171758490947555,-1.33104117844657,-0.142372068702678,-1.3141016073155,-1.03337540737261,0.880729967487163,-1.8
24,0.985745578153053,-3.64484029783116,-0.0292809441180843,0.499626078209815,-1.31307198672652,-6.15825719836002,-1.2238867231935,0.655410252680001,-0.0289353593636264,0.0366613551676811,0.735899901638263,-0.305248306410203,0.609802476081428,-1.0929209552532,0.437542695321685,-2.67891906126987,0.493434544582867,-0.894726984023255,-0.0663385628915471,-1.50893359660472,-0.230475246600485,-2.55411412686145,-0.860381993363679,0.568041757630141,-1.8
25,0.0765700179542472,-3.37186139765475,-0.0327723110558674,0.735486402649559,0.0906649620796523,-5.99913219622929,-1.360293284921,0.414731174119881,-0.104259070801685,0.0768844929985225,1.36849970096643,-0.545754862827707,0.906809416868433,-1.9610588046551,2.33591205777884,-2.61668587029098,0.710914888796399,-0.300701164058801,0.095528918899051,-0.586508792588136,-1.0407426351096,-1.03382695071847,-4.8338772656929,-0.376837923885456,-1.8
26,1.90021105286625,-3.99758012802405,-0.0517664501902885,0.283018276941683,-1.04611493384633,-6.98124744488892,-1.34774472058292,0.595400384245505,-0.0335467739615363,0.0326287263082109,0.77028632120368,-0.317209596688415,0.259266994274283,-1.12653021894179,1.84231967359334,-2.67746015011545,0.70322584314046,-0.374726699555639,0.156921184059601,-0.938385439870492,-0.411990119533423,-1.41543208156335,-3.23907239466074,0.12335362589726,-1.8
27,1.44311681997518,-3.95554326153923,-0.0405075556006891,0.604449244790158,-0.897536331252388,-6.87026644093938,-1.1249970982644,0.562688629697457,-0.0558032438826916,0.0388140369768133,0.613834690198295,-0.258593049398147,0.571911467575971,-1.11475782008202,0.401316349246825,-2.70626429225517,0.451421132654028,-0.536130572381894,-0.032506652875834,-1.01569893151019,-0.3047369053139,-1.87428538280344,-0.871986910613252,0.561808288250305,-1.8
28,0.677665356117116,-3.82297114220488,-0.0308113529135348,0.23331480984058,-1.85216165535457,-7.21816918440828,-1.71970672670505,1.22855335610691,0.0123737733770624,0.0601474329792704,1.13119294021685,-0.203181560999032,0.994144483522057,-1.69830898990039,1.50936565512243,-2.68991693311137,0.32923291878713,-0.325747151544497,0.112751241641433,-2.60895133070778,0.114731001671968,5.1538536780889,-4.10442318980983,-0.467287438592875,-1.8
29,1.29869409134921,-3.47597342923028,-0.0091515428462182,0.599832196619797,0.647406949620741,-8.61899902707847,-1.48726907931127,0.526583492480963,0.0103564649661,0.0493781149061798,0.631958428468085,-1.10031356645765,0.368442213726186,-1.28032545900658,0.986517202266384,-2.83567105060847,0.0864870851047156,-0.0793048637557141,0.115481073507545,-0.995921180629134,-0.141825258229462,-1.98969935981249,-0.988800671403405,0.534835418512646,-1.8
30,0.718472788320961,-3.73958619057186,-0.032081412511361,0.581693140471621,-1.04244696403335,-6.85494459187191,-1.31846397210075,0.680465443725788,-0.0580648699191519,0.0467007784618485,0.937267718051775,-0.353610169457976,0.715818675752958,-1.35948964425563,1.12733261208779,-2.64201496902042,0.459636283979333,-0.602393595246636,-0.00292759180247908,-1.33739298904792,-0.239297109390333,-4.61920148662798,-0.65806291381704,0.215086794390939,-1.8
31,0.844365947298156,-3.17662803637604,-0.0260737877040489,0.157374155831437,-1.97105740516095,-9.77951843554149,-1.65936023648497,0.766761050304491,0.0894057850605998,0.047403756024804,0.660091440932942,-0.312736708942103,0.975425544610789,-1.76272801866911,0.917350515751709,-2.67438241694681,0.308505736893923,-0.295747363215896,-0.0205002835526724,-0.295726067427179,0.00362444613359761,-2.53916815110177,-2.79277665068795,0.139896965355108,-1.8
32,0.18988809552984,-4.27413142637408,-0.0265951378411086,0.415031655204177,-1.5653721881381,-7.89246257728505,-1.79293429107538,1.21012114593038,-0.0849107173856551,0.0800051731113799,1.45188601793145,-0.136213528214056,1.14167682102575,-1.89226465557923,1.91923260400123,-2.60279349243486,0.452504724188936,-0.390324786476233,0.0821007012074167,-1.93356152283015,-0.202880695977857,-1.53310147256314,-1.99565711750969,-0.178094691789213,-1.8
33,0.91370926764132,-3.52479099303469,-0.00861886142882951,0.630265560299332,-1.11217708863433,-5.59351892119175,-1.26079295362225,0.607360770087685,-0.036511237372922,0.0266953453183247,0.418491794000091,-0.0944156317618656,0.434591490382958,-1.10589060626379,0.414643065376683,-2.69160896885701,0.118607040737972,-0.754766253972253,0.0012866929010983,-0.547788866412737,-0.234143202795317,-2.13077186350031,-0.287853482543034,0.974352468208102,-1.8
34,1.1874980492194,-3.44310643394293,-0.0253634875624049,0.404772548231233,-1.10134802222958,-7.62509947627463,-1.18068933278174,0.58527581926325,-0.0222171704877095,0.0302170681448354,0.686574865447738,-0.257073365074643,0.555554924267382,-1.01716251258108,0.139515775614428,-2.6981875901118,0.438971001374124,-0.33543436398876,0.0432045946472115,-1.18530936444234,-0.252038104553398,-1.39178043230737,-2.45784695216763,0.631377075961717,-1.8
35,0.247541315156091,-3.37132536878247,-0.0330638589357228,0.566293312889526,-0.393889572302447,-11.6926028434683,-1.30649933209178,0.276422952463101,-0.180233353748379,0.0971925382457593,0.941417630615051,-0.257036821477485,0.899752036444904,-1.83548421839955,1.27295394025341,-2.62183342463071,0.364279796216281,-0.281029843131419,0.0745291624644187,0.753569560443317,-0.121896023015828,3.38561824643377,-5.2955820266166,-0.214313899895969,-1.8
36,0.286481640201558,-2.47084740284329,-0.0258952712073772,0.639132979327866,0.0716269514124177,-9.43937939004319,-1.27844281157735,0.206138056824183,-0.233809299472144,0.0803935990455091,0.829109114667301,-0.150266776064529,0.5722423175453,-1.55394262680195,1.29040468509061,-2.70287484866503,0.610113140359907,-0.146719182011481,0.170559770263281,1.35184491844901,-1.04689447515971,0.272324874455563,-1.34358667176269,-0.724468563658037,-1.8
37,1.38114536498717,-2.54158430320631,0.017829028693892,0.747466133171596,-0.586071922383154,-6.92416991275555,-1.4093560984335,0.277859952590977,0.0230958296242069,0.0253551700111294,0.196631639384121,0.0666948686926953,0.366046057298686,-1.01628094301875,0.44179366770643,-2.72357562008895,-0.0834992250217189,-0.131460076758787,0.126510627554093,-2.69332120113531,0.720364966458587,-0.695313512606841,-4.06050463952761,0.866141371967528,-1.8
38,0.753738004238883,-4.47684000089743,-0.0321108575371718,1.06841396247189,0.871906045596212,-8.9073813821055,-1.38932982277761,0.398998300156364,-0.0721452270778881,0.062902226748316,0.749326923639296,-0.455324646523028,0.640553529333981,-1.49075320351782,0.895511550796237,-2.63479763907517,0.465422294630335,-2.25619849562244,0.072004744708483,-0.62250249288982,-0.513896770325057,-1.5378219431821,-2.26582218059123,-0.684578758251774,-1.8
39,1.30356376916518,-3.61342358021012,-0.0195180501678636,0.294484823786991,-0.898371072329124,-6.18547808041133,-1.17627083444892,0.479725077203241,0.00270908964025834,0.0341158050225282,0.746729785827769,-0.439518006242003,0.318722222650546,-0.910115646507288,0.595515466255903,-2.68542465027514,0.574261671728157,-0.336998331875724,0.206070754608175,-1.59761834076289,-0.214221446491073,-2.15456708137549,-3.49777557521795,0.492613706014506,-1.8
40,1.17727159461549,-3.05200697694242,-0.0407056345976558,0.6239967041805,-0.540924005970489,-8.40952323271357,-1.58762004205487,0.433936847290545,-0.151709703192317,0.0515179345128001,0.911356560026289,-0.168836018884406,0.403005417234795,-1.64658208128861,2.14042814849904,-2.69830436906799,0.108484589798233,-0.177837286699905,0.163228527285645,0.506734091243532,-0.138226629349057,0.657022816507005,-7.25633249065864,-0.701625224082915,-1.8
41,0.843267614894208,-3.42710245696972,-0.0172504432440059,0.168641818566354,-2.07695164610006,-6.08507395481523,-1.34232592322121,0.517917228299898,0.0909066446392017,0.0381024228600778,0.461385874954202,-0.312400898491061,0.802610589195665,-1.24777278345003,0.643018336726807,-2.64468369829428,0.416301339790834,-0.307326803673752,0.0349922241021301,-14.3117812185329,1.98792509919127,-8.66826717274362,1.00780091302743,0.405880002044917,-1.8
42,0.0670075864826683,-2.85816543394022,-0.0273873104174723,0.577155813704803,-0.36045402581634,-6.72282564114092,-1.32765332168234,0.431473440934954,-0.119643718082861,0.0951847083490773,1.22955059192391,-0.586104865804968,0.829778041546437,-2.13474016495759,1.9886335926361,-2.68790272736271,0.602797367881042,-0.214072296768995,0.140751779534324,-0.832834035596863,-0.346666577210051,-0.225309930751248,-8.1401193744871,-0.281585690012334,-1.8
43,1.56024789705592,-4.07384106664939,-0.0450241779147453,0.522588685617668,-0.857381687543471,-8.36905540880316,-1.19928508108499,0.559276213187273,-0.0515805082384827,0.0315230410397112,0.726065474593955,-0.373998998122014,0.410131694077051,-1.07320281304265,1.06453338414915,-2.64974754420764,0.300403295883882,-0.286450901590947,0.134038868455208,-0.956202931447586,-0.245915911874852,-2.83795838267214,-2.32598433211622,0.202952935912325,-1.8
44,2.29401066224028,-5.14368375117888,-0.0671260330690997,0.465875876843961,-1.363991460002,-7.31073664937946,-1.65903132001252,0.693739397003629,-0.0381478328246229,0.0393716577494398,1.01874864433023,-0.273986838946117,0.440075018921934,-1.39863560188975,3.10293569221787,-2.62831817204302,0.392116268515109,-0.664478933062804,0.120092294631353,-0.753476291082556,-0.11760642595183,-0.82622767164772,-0.753041424073482,-0.328657356563768,-1.8
45,1.41973911600273,-3.89612928565672,-0.0314319842408691,0.583540190278311,-0.945728822409776,-6.98258193240179,-1.31994668994046,0.613741926357385,-0.0266610534419636,0.0386874526358096,0.649259124545364,-0.28039168632104,0.523197162316472,-1.18849567706027,0.727009243466984,-2.68183849363312,0.304552265742283,-0.313239913639992,0.0603435835341802,-1.0736521178041,-0.166064503291793,-1.59286242799189,-4.01148652513527,0.290585918810854,-1.8
46,0.961642880531983,-1.82942292994139,-0.0277348765432232,0.781765374628532,-0.289783072761089,-8.68952862917413,-1.25580664542291,0.0909464065821167,-0.0636793485305078,0.0316135698012839,0.0496742174201365,0.153769816153162,0.203384980536943,-1.21348931735382,0.47653582629473,-2.76550854928479,0.464193065972547,-1.75391435254214,0.239041827969002,-0.212592235093744,-0.28073026558035,-1.8933416142652,-4.74071567318623,0.766475262083316,-1.8
47,0.494083560946271,-3.49096395035271,-0.0268113574937615,0.718175916917743,0.0409340262107919,-7.62211251325354,-1.17524027586411,0.343907804359392,-0.0781911677017377,0.0683296024409011,0.959251482528445,-0.663401680687457,0.733166317596556,-1.56687580231083,0.995719319647891,-2.75211383853284,0.619679500973644,-0.30866712367101,0.0381051040236485,-0.502550259822939,-1.61702876988015,-1.52253499568023,-6.75702183479505,0.126216751547212,-1.8
48,1.24988982884145,-3.56846990406639,-0.0250625149661015,0.512304996282338,-1.01634413626953,-11.093802116943,-1.2471508817652,0.634963835553323,-0.03555574105608,0.0312579997740708,0.620450982687153,-0.219552852432585,0.469177163395849,-1.131440960424,0.472593420272145,-2.68068503205812,0.0216957561339914,-0.221046318130031,0.102796022042818,-0.917883755356848,0.0623623021782011,-4.09334750417106,-0.600847853098956,1.06903702018548,-1.8
49,2.41893228700019,-7.6630654626267,-0.071721979385157,0.775039068633132,-1.40826142271755,-8.39098934718987,-1.51236880932849,0.514951737816714,-0.0494555252477164,0.0376986508058547,0.845799966030285,-0.305346252295533,0.375344825175995,-1.3012868932768,3.65465933496784,-2.57414565242055,0.287163109972583,-4.02175836777493,0.0876869497601795,2.3219950676236,-0.375149600145176,0.910832337133722,-3.07272661656032,-0.293192636357298,-1.8
50,0.406156444502958,-3.16272382216026,-0.00509417775248786,0.874734870421935,-0.0761174237922531,-8.89204121302181,-1.05466571684949,0.40213640963381,-0.0788423233976826,0.0265287729176524,0.507071774572012,-0.0284285292637743,0.271488806767072,-1.00175419413768,0.243793353182059,-2.76489976268904,0.787036774021059,-0.596110043774745,-0.0583834289875315,-0.570152540183711,-0.96851824827527,-1.58004486101071,-1.04220944327975,1.16301306564985,-1.8
51,-0.580834910470423,-4.03300111520439,-0.0124812951635779,0.675526327183166,-0.716662223958964,-7.26270746619541,-1.2718543386666,0.477279288042963,-0.312179993545385,0.105290065773736,0.988043951172344,-0.104607703272533,0.985628859292137,-1.79131639190599,0.884262299667481,-2.63934110698186,0.327963322905002,0.992376237680681,0.0464325125434175,-1.79333786580674,-0.145947217827615,-4.93449540434318,-4.56989903092589,-0.135386007776051,-1.8
52,0.38840290904173,-2.57300562177091,-0.0333806004469059,0.632954200312982,-0.37878378975517,-6.37570584754583,-1.13012433092215,-0.75051692670571,-0.232994405062039,0.0908306828108075,0.949868151663529,-0.338072521943093,0.805287678477039,-1.70182454135157,0.784540419647271,-2.67756973867255,0.55726826110395,-0.184785029719925,0.143771104101081,-0.0573333546698266,-0.372742966499134,-3.03235286071384,-2.65943992870369,-0.117883016069528,-1.8
53,0.819795029980836,-3.65423599164111,-0.0282230483273027,0.187408610911485,-2.21267262638366,-9.03760452823691,-1.49754421778021,0.750251375877235,0.0584902655538079,0.0430590642526122,0.661905467447012,-0.268269368006202,0.927820100875576,-1.54887554249846,0.875194883475849,-2.64167265316427,0.395763687149642,-0.323677306284152,0.0750275946808577,-5.35775189673578,0.0522206533580503,1.1020533406078,0.765498549034016,-0.118633623733012,-1.8
54,1.69096102573327,-4.53521970220111,-0.0543761622249682,0.769628824216688,-0.373708699038915,-7.14823317035548,-1.5531053198925,0.477010909715941,-0.0914769384126972,0.0623476800297158,1.02074591028477,-0.27993096124593,0.467458695936945,-1.51437838056355,3.56672467167053,-2.62722284767954,0.457832626768991,-0.29642302515862,0.0830148815361436,-0.163807871331869,-1.5669332595708,-1.54587723027667,-2.57235646677743,-0.503614539917918,-1.8
55,0.729580812618377,-3.07007877378216,-0.00840125601404302,0.0896458666629538,-1.70096365337378,-7.84854449205029,-1.4628821717426,0.629750037361538,0.13329290546904,0.0366922019526562,0.591956984723359,-0.319498141707445,0.697172857106604,-1.2575773528459,0.401132243670653,-2.64683340882714,0.249440597869911,-0.245875235591428,0.052051078121342,-1.13429973983531,-0.486178828673939,4.29142146285105,-1.86603788089882,0.505818635353858,-1.8
56,1.77282758186409,-2.24881833519708,-0.0123792890494035,0.85709000771341,-0.614201664060906,-8.89923615694419,-1.37165662124155,0.128452979891287,0.0501777569067441,0.0327424239159209,0.00168997149684499,-0.00369805556020897,0.346795522589045,-0.992818402364022,0.0676340701799639,-2.64697117572813,0.260577654092032,1.3298181407362,0.0890550826901645,-0.199528864415554,-1.26392526582702,-1.57168667010065,-2.98900809511096,1.16358431103939,-1.8
57,1.23717229639896,-4.12425428841777,-0.0489161095729302,0.733032897501933,-0.323104075294377,-6.19718777685865,-1.53216489456071,0.502841703479136,-0.0951145408267346,0.0692940650094754,1.10741308393208,-0.264911821805715,0.548817717378439,-1.56289944522587,3.86630543502909,-2.62832344104274,0.473201789965342,-0.349340171684867,0.053471689856398,-0.365425591557906,-0.793738001104595,-0.638831231214884,-6.05560114498071,-0.732710959730596,-1.8
58,0.983266795957228,-4.06877816504306,-0.0428158783900577,0.75949898382336,0.0584062269473189,-6.89238360333591,-1.06396448328766,0.335312650056017,-0.086166373860656,0.061200792469374,0.806849625404658,-0.498894184512589,0.684270733403809,-1.31367167831169,0.505934671200291,-2.66951674984036,0.538888458264682,-0.829677072557265,0.0141848955466057,-0.944886045886531,-0.492746533945845,-0.917846389567152,-1.84076166382135,0.247027645445436,-1.8
59,0.253996789720747,-4.25785820479887,-0.0306984390917505,0.522091866552984,-1.74885091210412,-5.15714493128861,-1.54208084077031,0.613785253432812,-0.100503803418575,0.0568823638567855,1.05282072007303,-0.47401794241883,0.776757803280679,-2.20745758246006,2.23309724495293,-2.57522649112761,0.29456040920443,-0.366589078063614,0.107777941376946,1.80995654566557,-0.144585692996051,-2.83921527780762,-9.35041653186545,0.0285267138619279,-1.8
60,0.576171121525384,-3.63353128097006,-0.0354223243695465,0.4287807680066,-1.27320161133394,-6.33068793234474,-1.6362740805915,0.474259108589084,-0.0504176744474075,0.0589682328670826,1.39579626003441,-0.520713503583022,0.64488323116279,-1.8496466607377,4.52643398288167,-2.613795896082,0.710681150142429,-0.650309545216177,0.0859405890831787,-0.964312407618927,-0.489849772935765,-2.38510383821584,-1.99323392726081,-0.257390670661674,-1.8
61,1.69500572418921,-3.63771116353132,-0.0190685257552018,0.399813885708066,-0.72902686470632,-8.77674683644206,-1.43871518941898,0.453617176004415,0.00434245905474323,0.0368962108874176,0.778227563529985,-0.461216630986902,0.285632596875891,-1.14338379943958,0.730754341491666,-2.78722383441465,0.1008394136598,-0.186899010049819,0.0945855082298874,-0.833249214993364,-0.194287101385699,-2.10509978884012,-0.936161858825699,0.529461632515028,-1.8
62,-0.365334181743848,-2.28310885620465,0.000644775235006214,0.323050035699504,-1.12035158680265,-4.62348675752986,-1.45234332001465,0.766503237915109,-0.0657495629053802,0.042123391570507,0.700574084329813,-0.268402840349218,0.800434669577979,-2.00889733795612,0.585259496755422,-2.71788855856646,0.197027913719754,-0.122568294371738,0.0382777334914439,6.45496458923047,-4.48528974491667,-5.01972058678189,-1.99450129943636,1.02321939272587,-1.8
63,1.09724581866352,-3.96912844321435,-0.0395056487330422,0.447622929268685,-1.12345661202035,-6.94036573471873,-1.27326571350953,0.603000201011356,-0.0533831018777551,0.0357915940993897,0.822221162561911,-0.314968641214694,0.670226069099414,-1.31797914529567,1.05171900905685,-2.6895935391678,0.482283391652418,-0.343584053381561,0.0832717344232139,-0.540490761006366,-0.328815952461939,-0.610958243581971,-4.71239709953858,-0.221524810572012,-1.8
64,-0.03829175281896,-3.75278967573705,-0.0261100089409873,0.862499984176854,-0.236320364921185,-6.88730174132608,-1.43049094767404,0.403824232040795,-0.0873323826802037,0.0862035369810113,1.11276669244021,-0.838571382584558,0.833660795730139,-2.26495068166564,2.31271641978586,-2.60158601639756,0.196674696282916,-0.349577356936421,0.0594031190745866,-3.18509778771051,0.13885802089022,-2.16293442065185,-2.03442568744565,-0.0908603387023076,-1.8
65,1.38661058941335,-3.9184763006099,-0.0218206511071447,0.226711470013657,-2.06884553824713,-5.70132381221405,-1.35864080653331,0.701690438229974,0.0519854789473968,0.0305407630795597,0.828941525111146,-0.342164111447698,0.607039557119511,-1.03496495185693,0.1482887656924,-2.68426126785404,0.222154362790318,-0.693295800571835,0.236468832941634,-1.39676353435401,-0.0291336302006687,-1.85466080339155,-1.38759585406976,0.338364283576365,-1.8
66,-0.33650811571278,-3.36727759109244,-0.0184331738442594,0.484802786484015,-1.56114265023986,-27.1909043646778,-1.66785932070791,1.02472105054012,-0.0888397444385982,0.0821588414793673,1.20758176278262,-0.267995710081354,1.12374638581316,-2.09555434917219,-0.733567200922704,-2.55820345196553,0.651910532457066,-1.41336444505565,-0.0200254158563512,-1.86988916440664,-0.362135593649271,-0.866718635186764,-5.31341872671618,0.592222367834619,-1.8
67,1.22914960540486,-3.67733749374049,-0.0396926133637172,0.282401824029378,-1.42307507519573,-5.57314079733922,-1.35614684594491,0.754533938364449,-0.0311530882431735,0.0335289632875919,0.862190562505895,-0.228101027424727,0.810428608501344,-1.28262888349749,0.978194109259621,-2.65327260271884,0.628940514768009,-0.567184502530379,0.0184005818072421,0.184161637390129,-0.740986862597493,-1.32909517408558,-7.1381364479463,0.356188124346045,-1.8
68,1.04008443260353,-4.08680255606261,-0.0388213063752723,0.732723916031647,-1.04023524823833,-7.42808831139609,-1.20602459370071,0.561850406932931,-0.0718010166511424,0.0486314733915276,0.842627177503475,-0.382013477484817,0.604185653787008,-1.2317834390463,0.502531081392446,-2.63738605370376,0.530260866984223,-0.50420984075243,0.0438555003877825,-1.25102841269961,-0.296632736907038,-2.12212414617378,-3.39334794329979,0.304412455784487,-1.8
69,0.994885061205676,-3.62121243172212,-0.0315498902773991,0.0452484885825301,-1.99773166411968,-8.33716538042044,-2.14178480649749,1.11512035567326,0.14621479346485,0.0583977013600679,1.35580066240258,-0.0049996781190092,1.12435281212134,-1.56677073141064,1.71837898217438,-2.67112156028427,0.719365617354765,-0.513767848658937,0.188541893605292,14.2557984701364,-2.49649762024287,0.36969851682328,-7.06264155677486,-0.822838675629254,-1.8
70,0.673815891885931,-5.27818183613455,-0.0299673767711101,0.533450012289018,-1.37366741253207,-5.19075180564471,-1.53674748171191,0.622959174642831,-0.0877368441334658,0.0489949169811791,1.00481153349044,-0.337091820373749,0.471693386414558,-1.57721088919415,2.03945794018153,-2.65123143405958,0.298421805157472,-1.4913946837142,0.193726642208337,-4.37121578609269,0.0683155837882311,-2.73007909183478,0.254336424503263,-0.551913469870738,-1.8
71,-0.223335908024972,-2.71213002429752,-0.0180534105409617,0.491545741334291,-0.993113786831474,-5.03076653527528,-1.05510760304565,0.502416272561426,-0.147900646463023,0.069167871036196,0.86638197061615,-0.330085218298102,0.911741405347386,-1.55799954178895,0.506233439131013,-2.64983328601546,0.857567006167657,-0.313013037624507,0.0511395566032117,0.534159618656281,-0.811317599950457,-3.17069383198239,-1.47562375185281,0.536014167696523,-1.8
72,1.48721125781708,-3.71646168036186,-0.0252435207242432,0.740718474570803,-0.559790078714767,-7.3188793814571,-1.36645088869892,0.538661960149215,-0.0321666667142737,0.0296755056694144,0.477135488470167,0.0351784334162018,0.252725556799401,-1.15617273720967,0.712470045959172,-2.72743562600066,0.0196819120586735,-0.208006766805648,0.176087584879089,-0.699461271048181,-0.119220147280891,-1.19662359680893,-3.26537377890299,0.743015986137283,-1.8
73,-0.100078131173455,-2.80208954259169,-0.0235947674041035,0.623143879538594,-0.46625427503415,-7.43512262189014,-1.01063204116516,0.278765891059015,-0.286541100746245,0.0918585258945098,0.804579314866989,-0.232822299904391,0.91262684740777,-1.59583156398783,0.650492310433363,-2.63929723331388,0.291811005606165,-0.168308363982822,0.0542930174822167,-1.15191037262048,-0.111591687550385,-5.44295312129294,-1.99342992351773,0.250190417972826,-1.8
74,0.957879225502138,-4.36374967787599,-0.0379953249587523,0.314260670802329,-1.39860331323316,-9.60246213026527,-1.79462074064819,0.761939706091484,-0.00214418575925671,0.0525066950243031,1.15229769948807,-0.407870409859511,0.546864025100722,-1.82553665265389,3.26766166783341,-2.63381253418855,0.347234504099672,-0.406553525535967,0.151277773723285,1.85253260821263,-0.350706078655942,0.544766215901149,-4.01027681364615,-0.746869602208222,-1.8
75,0.846172771828571,-3.97274475152308,-0.0430615931710208,0.752702899876288,-0.384919816286436,-6.47870313783265,-1.47593453591319,0.584644301411658,-0.139289111810532,0.0906998561179652,1.30572819435455,-0.406949877217183,0.699656547225437,-1.74346290655331,4.19590586921773,-2.61217456277609,0.549422071988929,-0.295941006899874,0.0546926182425784,-0.934316545516188,-0.513001550501873,-2.35541522023714,-0.990774784727463,-0.537094401650032,-1.8
76,0.163228485975921,-3.18183559565208,-0.0205368094905485,0.7576664167202,0.0528358370552841,-8.2271126510375,-0.943385684078181,0.350656366796996,-0.09489011951857,0.0568361470424254,0.794522572361652,-0.492141786904453,0.716503834495626,-1.22480756841789,0.409327872151963,-2.7509797488997,0.841420856280691,-0.409047911713372,-0.0968629041944479,-1.2618816163987,-0.644649776791153,-2.02345426841468,-1.14794193655128,-0.03139342590665,-1.8
77,0.347042313611128,-3.30742529198874,-0.0284508319066382,0.686207016487698,0.445842390011426,-6.65969415818381,-1.28570563007293,0.414434852349058,-0.0721138059096484,0.074136069169078,0.897018524216324,-0.524485285285218,0.743617486312035,-1.68072250536366,0.752544196630134,-2.71151135102235,0.499485467947225,-0.318061886261977,0.0356196908673795,-0.498472206258016,-1.21676325998579,-1.47723016812534,-0.73761182606814,0.285104297476366,-1.8
78,0.347006200825387,-2.74604007451083,-0.0164196245242568,0.686269449810494,-0.0706313632469797,-5.36309775356355,-1.18282202268528,-0.118648813338643,-0.119851454477607,0.0460166806047116,-0.249126416486278,-0.00785103131239978,0.588410950488552,-1.22301156375221,-0.633495543986488,-2.66191528789056,0.507449356844559,-0.153491252413166,0.0452599282316243,-0.0338772049026478,-0.420584683890364,-0.57492409987373,-4.44335563236112,0.910228950787278,-1.8
79,0.294703428819518,-3.75769148937756,-0.0359854675375222,0.597414574302749,-1.35592138719732,-5.5363726275319,-1.10639313538216,0.538813216845307,-0.133922316556911,0.0720869024017951,1.28034373904126,-0.589771740777011,1.04633970646841,-1.65113146125504,1.60666241005248,-2.57515827429333,0.600535566467407,-1.36688688464975,0.0307421081139709,-0.560573056320201,-0.474602250060375,-0.717308493653091,-1.60538394533974,0.184564967345946,-1.8
80,4.09336317571875,-5.56581765001929,-0.0375465581786905,0.523610393424273,-2.56925804317055,-8.55464220556935,-1.47854927566476,0.561484111836238,-0.0248188976080113,0.0296284827502905,0.489679011574469,-0.413641188007016,-0.282227271545119,-1.08514934022471,0.721546204620284,-3.05573216963212,0.508829567616154,-1.18969177615949,0.715738017257647,-0.812186687155827,-0.408167719686585,-2.4390723358333,-1.81554854777724,0.667697539973397,-1.8
81,0.31903679874996,-2.65793486125944,-0.0102678750173348,0.230341140477174,-1.59499051956948,-6.89117157182433,-1.39403104209946,0.844549663642136,0.0222539119532543,0.0365589376301024,0.738977508277968,-0.112647632750598,0.826127882223975,-1.24454988286378,0.233464929501633,-2.65311078469091,0.679135562207471,-0.405691607409647,-0.0472766079746776,-0.171051115667019,-0.498502422562859,-0.446929616820345,-1.3687871799292,0.786270360621454,-1.8
82,1.11624639723924,-3.39832267077506,-0.0462738471362991,0.348947194545343,-1.6068160312594,-9.83547400510336,-1.25267797036977,-0.557508211089117,-0.131230551864574,0.0892913723364232,0.679781900391882,-0.201192219436677,0.805046537128228,-1.66478106611192,1.08554318981513,-2.66323471611803,0.697384814409473,-0.198388858285553,0.0971774996318637,-0.791537229105872,-0.339161721315791,-0.238952541577413,-3.99694867168236,-0.219531995302093,-1.8
83,1.48999371132176,-3.80687785450554,-0.034180424731279,0.522896875029792,-1.35087972560334,-6.41968044725874,-1.3845441977854,0.779632938951962,-0.0216634829407025,0.0358658934406594,0.65608936026206,-0.193122904822136,0.499892940467387,-1.13036587553705,0.761567620147883,-2.70081579201445,0.387039288300609,-0.569084736478973,0.0528686364274509,-1.6641793115997,-0.0158083738283835,-2.12288566462463,-0.550534395657073,0.0451108819070485,-1.8
84,0.702563197561006,-3.66826379115774,-0.0311047075367584,0.140460337298579,-2.2197432162916,-5.58842223598937,-1.98184255779939,1.09899198259675,0.106711783345695,0.0565524532985836,1.22936711972463,-0.115346322058578,1.18407059695961,-1.81004239151706,1.69797179295716,-2.66258474436653,0.569622474439164,-0.821750516993014,0.16084449532243,2.55743164198263,-0.305381471501266,-2.01848126797636,-8.83276719381099,-0.681878179554793,-1.8
85,2.17209858878708,-4.43098827248012,-0.0692601715370051,0.302664950374702,-1.4913219638063,-6.70246598569291,-1.35105391115406,0.587934269281518,-0.151747118127035,0.0308966136034256,1.02380300420668,-0.165868171736483,0.580469787147023,-1.45287151182378,2.4074501704498,-2.64816877665967,0.548543573746337,-0.237758222353192,0.114636258388291,-0.46103193933278,-0.167036181054075,-5.6850560341186,-4.50382690929551,-0.0904161828951148,-1.8
86,1.30813145827586,-4.11538449972371,-0.0470449257674374,0.291585207404385,-1.54152837672086,-6.75716133063895,-1.55963016623224,0.901285038634042,-0.0231358740575663,0.0382748797845673,1.14635315036295,-0.164914968958628,0.764613229590901,-1.25059669280722,1.92088356578826,-2.62903721418537,0.380343776865522,-0.79832518297096,0.100037131830655,-4.15371961136512,0.027387078749324,-1.4770838272138,-1.74004514887629,-0.392114043927573,-1.8
87,0.77793024964586,-3.32456218140776,-0.0362490432721285,0.539454975590541,-0.950971809981567,-8.5723032883396,-1.83283422628396,0.782088778172098,-0.068920126188528,0.0573082785743399,1.22410646891244,-0.140661447568885,0.352593868647145,-1.54756715518255,3.89348075739407,-2.62236172050426,0.60839859776018,-0.60157632659371,0.0742948167503183,-3.79475860416927,-0.177782680683589,-0.971402730113349,-1.03070754460189,-0.536889320624697,-1.8
88,1.44540403479021,-4.153743556489,-0.0499386708048763,0.735261781977745,-0.780702593399889,-6.77347101566387,-1.66123640109002,0.682119351199613,-0.0933081651268593,0.0591451393833206,1.07636134052966,-0.305833203499086,0.142490969815435,-1.47118981368921,2.99479678770382,-2.64795735517554,0.482024840308861,-0.413640368978936,0.0962331759016541,-1.42427617624056,-0.244350049997457,-7.63970648050117,-1.13037828060172,-1.10547285333966,-1.8
89,1.70469968285367,-3.7858907233285,-0.0284624013346837,0.660020556156688,-0.00597863543465635,-7.96672465547208,-1.23189034877915,0.496840949997269,-0.0245963535855132,0.0381830380861299,0.499795670333356,-0.118715795414887,0.434559441580169,-1.03194088979846,0.370721048582078,-2.75143040917941,0.260572142097991,-0.125353644325906,0.0958464048116058,-0.668578159946242,-0.228406722105966,-1.19777665384536,-5.11545263021869,1.12725763257249,-1.8
90,1.411341997013,-3.15937530610674,-0.0196789227310992,0.711932019522101,-0.3776676090819,-9.03765037168979,-1.52190233791617,0.622753334517903,-0.0430881642887558,0.0336959892102708,0.467295171428292,-0.770661188074818,-0.248289449032254,-1.17321165668259,0.860702785965437,-3.02444142240735,0.559524615378118,-1.55789802100303,0.731636324407253,-0.952218705762854,-0.263234704259591,-2.70561255037133,-0.865558467555441,-0.881273047303725,-1.8
91,0.607226853367069,-3.99957035446969,-0.0126755750735649,1.02858929925727,0.169887019048218,-7.89709502036043,-1.63996749334065,0.664079537137825,-0.0119307230416575,0.0511497999009515,0.645441999055673,-0.21841256641914,0.62473650548723,-1.36847838807474,1.00534362443849,-2.59283038770963,0.203435497369932,-0.905417657836124,-0.0787994242876928,-0.264209957952622,-1.61160735603099,-1.26535308448394,-2.67330920428114,-0.051913194478325,-1.8
92,-0.149000790514298,-2.64780204029505,-0.0169387456082853,0.631618091410939,-0.194429809794175,-5.71653721485753,-1.34348604389196,0.72105625528261,-0.126528275433405,0.0867504298832941,0.822905718022882,-0.596758405509017,0.744321189955305,-2.17704683544505,1.77729748581076,-2.75419465384426,0.329930496052495,-0.173300327161254,0.127375397059327,-1.0431414452587,-0.140497798869423,-4.22595931349059,-0.0742424583986479,-0.622982405844368,-1.8
93,1.34613821196065,-3.15608612676712,-0.0276027801712499,0.880288819332374,-0.200886120594329,-8.28960072711331,-1.2829207830265,-0.227826538202925,-0.06598753662658,0.0513935113831559,0.280898257240992,-0.267293505711753,0.671279593339435,-1.20746450163926,0.471558739426042,-2.68005917273596,0.456426115654915,-0.113409885919715,0.0323417883143525,-0.357150345351044,-0.306416277340731,-2.16857252635784,-0.848548449215159,-0.479404617599248,-1.8
94,0.419625637871315,-2.71846657789008,-0.0314260774994174,0.876831924821335,-0.56191600197498,-3.18208047929324,-1.55412571297264,0.33826037025907,-0.274542912497573,0.109972651676337,1.24098593460164,-0.224422295104134,0.595362278346211,-1.89188240337931,2.8343135929845,-2.61540163667934,0.340228889920752,-1.82691168698116,0.112253569151135,2.12312624394429,-0.844573617967499,-3.59832570543258,-5.49868177496778,-0.395922575516599,-1.8
95,0.7128866537293,-3.19008960796708,-0.0332833322370098,0.394091160888663,-0.923324483352843,-6.22222661237781,-1.73470777644248,0.741447906295317,-0.0359028698586411,0.0721816967746534,1.02825715392145,-0.416309071748197,0.716241806287837,-2.26276653705282,1.91868739835692,-2.75320605490881,0.413746776409223,-0.157449755559102,0.0615516573786384,-1.81166464417144,0.124131356644634,0.59942301059056,-7.43354549819447,-0.0566894371772561,-1.8
96,1.43878502508029,-3.68544001224294,-0.0389287653171166,0.475674935666117,-1.11149410456864,-7.19177039689732,-1.40227945485954,0.758157026783248,-0.0259361309838795,0.0353166199078497,0.744386511446322,-0.238404754259895,0.518728175580038,-1.25989784210058,0.892215763141951,-2.73627399338064,0.296952108673683,-0.554576360435336,0.0635351627986372,-1.67949738942766,0.117272146466464,-2.14237157141111,-0.480962605089276,-0.20997346832202,-1.8
97,0.689995025644202,-2.99887153038658,-0.00733901709459647,0.362009076751306,-1.66706762187566,-5.98477050478057,-1.39319338988308,0.754007667344382,0.0157958329190346,0.0323155127521153,0.748510814909667,-0.295484471416319,0.32625732121331,-1.07977094547448,0.603726310283354,-2.67908108146739,0.125688603096472,-1.05848453638032,0.244589787852898,-2.84134207616012,0.273785478615595,-1.96204725823372,-1.13173742130987,0.374532758431415,-1.8
98,1.89612645995389,-3.79685050539359,-0.0146100978983297,0.740157071036645,-0.750500452558041,-7.61647146591776,-1.33758121637014,0.656773628406048,-0.0259344184845333,0.023082317945999,0.378535664006934,0.131573992639609,0.171111224118466,-1.0546559018121,0.442965282799326,-2.85213605826803,-0.228447887281444,-0.124920698523496,0.222003213658634,-0.653635983275248,-0.0167298302591394,-2.97077093397553,-2.88403625420414,-0.230604460883842,-1.8
99,1.32741165570209,-3.73858834772805,-0.0485755399961592,0.24332701291703,-1.79083976045464,-6.54185133140363,-1.60812669457116,0.558318533572807,-0.0401236958037591,0.041918437215118,1.15868722962948,-0.26613689604731,0.619445389856803,-1.54150769151914,2.58690686603158,-2.64581204304941,0.86255593407148,-0.448439069025237,0.126913378196117,-0.672336198962643,-0.515051698392452,-0.367678619308375,-1.40737591051116,-0.231683101664259,-1.8
100,2.05973326083124,-4.15381968720132,-0.0193191605946787,0.522613118967147,-1.65689904223648,-19.4448865438834,-1.33243376754947,0.676699186968662,-0.0220452141957297,0.0268248500553975,0.654144253737868,-0.337606274567972,0.298439833580111,-1.03253742490469,1.16871263933369,-2.72480335648038,-0.190509328947756,-0.199679526150357,0.129160383842714,-0.702185068715544,-0.109867311709777,-1.14027374102364,-5.31553857563001,0.622895478291436,-1.8
